id;name;title;summary;header_background_uri;language;user_id
1;killer ROI Implementation;Djibouti Franc Ergonomic Cambridgeshire;../fake-data/blob/lorem-ipsum.txt;envisioneer Human;RO;1
2;Director 24/365;Generic Metal Fish;../fake-data/blob/lorem-ipsum.txt;Libyan Dinar;GA;1
3;override upward-trending Forward;Frozen quantifying;../fake-data/blob/lorem-ipsum.txt;Maine flexibility;IS;1
4;International Ergonomic;Assurance seamless generate;../fake-data/blob/lorem-ipsum.txt;Grocery;RU;1
5;New Jersey;synergy;../fake-data/blob/lorem-ipsum.txt;Incredible Metal Bacon engineer;IT;1
6;Jewelery;Hollow Home Loan Account;../fake-data/blob/lorem-ipsum.txt;syndicate;DA;1
7;Sleek;Analyst;../fake-data/blob/lorem-ipsum.txt;Fresh;IT;1
8;Future invoice Bedfordshire;invoice application Down-sized;../fake-data/blob/lorem-ipsum.txt;Tuna Grocery;RO;1
9;Analyst Credit Card Account SDD;SCSI Cayman Islands Dollar;../fake-data/blob/lorem-ipsum.txt;sky blue;KO;1
10;FTP;Cotton transmitting Licensed Rubber Chair;../fake-data/blob/lorem-ipsum.txt;backing up;AR;1
