id;title;excerpt;content;language;post_id
1;Realigned;../fake-data/blob/hipster.txt;../fake-data/blob/hipster.txt;SR;1
2;salmon Bedfordshire;../fake-data/blob/hipster.txt;../fake-data/blob/hipster.txt;ID;2
3;Incredible;../fake-data/blob/hipster.txt;../fake-data/blob/hipster.txt;ID;3
4;Pizza;../fake-data/blob/hipster.txt;../fake-data/blob/hipster.txt;FI;4
5;Fresh purple;../fake-data/blob/hipster.txt;../fake-data/blob/hipster.txt;SR;5
6;Small JBOD navigating;../fake-data/blob/hipster.txt;../fake-data/blob/hipster.txt;EL;6
7;SCSI Bacon;../fake-data/blob/hipster.txt;../fake-data/blob/hipster.txt;RU;7
8;Legacy recontextualize RSS;../fake-data/blob/hipster.txt;../fake-data/blob/hipster.txt;AR;8
9;Customer Colombia;../fake-data/blob/hipster.txt;../fake-data/blob/hipster.txt;SV;9
10;redundant;../fake-data/blob/hipster.txt;../fake-data/blob/hipster.txt;GA;10
