id;name;summary;description;keywords;language
1;systems;Associate Steel;../fake-data/blob/hipster.txt;../fake-data/blob/hipster.txt;IT
2;Tasty Wooden Table;models South Dakota Web;../fake-data/blob/hipster.txt;../fake-data/blob/hipster.txt;JP
3;Industrial;South Dakota;../fake-data/blob/hipster.txt;../fake-data/blob/hipster.txt;DA
4;Internal override;Chips invoice Soft;../fake-data/blob/hipster.txt;../fake-data/blob/hipster.txt;GR
5;focus group User-centric Architect;Executive override;../fake-data/blob/hipster.txt;../fake-data/blob/hipster.txt;DU
6;solutions JSON;Mouse Applications;../fake-data/blob/hipster.txt;../fake-data/blob/hipster.txt;PR
7;Outdoors cross-platform;bluetooth Data aggregate;../fake-data/blob/hipster.txt;../fake-data/blob/hipster.txt;GR
8;COM;bypass teal;../fake-data/blob/hipster.txt;../fake-data/blob/hipster.txt;CH
9;Borders Phased;alarm Concrete;../fake-data/blob/hipster.txt;../fake-data/blob/hipster.txt;ES
10;Games Dynamic Auto Loan Account;Shoes;../fake-data/blob/hipster.txt;../fake-data/blob/hipster.txt;GE
