id;excerpt;content;language
1;Specialist Home Loan Account Personal Loan Account;Ergonomic Steel Computer Metrics;HU
2;Implementation silver;extensible parse Incredible;CH
3;Sleek;interface Legacy clicks-and-mortar;JP
4;didactic West Virginia;Licensed Infrastructure;HU
5;Handmade Steel Ball Awesome Cotton Ball Avon;lavender Nevada Jamaica;IT
6;Rustic Concrete Fish Small Wooden Sausages;brand;FR
7;Frozen Berkshire red;Tactics Fresh Cross-platform;AR
8;3rd generation Assurance Customizable;program;SW
9;networks Car;quantifying Checking Account;SW
10;SDD;Accounts Analyst;PR
