id;current;since_instant;picture_url
1;false;2020-09-08T19:25:00;Tuvalu
2;true;2020-09-08T17:38:32;Aruban Guilder
3;false;2020-09-08T16:05:44;Legacy
4;true;2020-09-07T22:15:46;engineer
5;false;2020-09-08T09:24:34;Licensed Cotton Cheese Concrete Crossroad
6;true;2020-09-08T08:50:01;Kyat Ergonomic Rubber Cheese reboot
7;true;2020-09-08T08:07:12;Soft Jewelery Shoes
8;true;2020-09-08T02:55:35;CFA Franc BEAC orchid
9;true;2020-09-08T10:00:07;synthesize radical Planner
10;true;2020-09-08T13:20:48;withdrawal
