id;title;sub_title;date;content
1;virtual Frozen;Cheese Comoros;2020-07-03T12:20:58;TCP digital
2;solid state synergistic Practical;index Applications;2020-07-03T13:16:36;Steel
3;Adaptive Granite;turquoise Practical Steel Gloves Inlet;2020-07-03T13:02:17;withdrawal
4;Steel;Factors Nevada Sleek Granite Shirt;2020-07-03T03:56:36;copying Michigan Savings Account
5;Avon Internal;encryption;2020-07-03T13:26:27;Engineer Tactics
6;Circle 1080p;Accountability partnerships;2020-07-03T10:19:29;Mobility lime
7;SDR Tuvalu Architect;red Lead;2020-07-03T00:37:32;markets Hills Communications
8;Cambridgeshire United States of America;Fork program;2020-07-02T22:09:16;partnerships
9;SDD;Creative Awesome Savings Account;2020-07-03T08:58:55;Toys
10;Optimization;back up Total Personal Loan Account;2020-07-02T19:36:34;Alaska European Unit of Account 9(E.U.A.-9)
