id;title;sub_title;start;jhi_end;location_name;location_lat;location_long;content
1;Associate;Ergonomic Cotton Salad;2020-07-02T19:39:48;2020-07-03T06:07:38;Engineer;3685;27782;../fake-data/blob/lorem-ipsum.txt
2;Intelligent Soft Table;Upgradable Dynamic transmitting;2020-07-02T20:25:22;2020-07-02T18:03:15;Car back up Avon;44288;60544;../fake-data/blob/lorem-ipsum.txt
3;real-time;Home Loan Account;2020-07-03T02:09:11;2020-07-03T10:39:11;payment;87013;17002;../fake-data/blob/lorem-ipsum.txt
4;Engineer content;multi-byte azure Loop;2020-07-03T08:46:17;2020-07-02T22:53:57;Rubber;96030;12529;../fake-data/blob/lorem-ipsum.txt
5;Licensed Refined Cotton Keyboard optical;bricks-and-clicks;2020-07-02T17:55:42;2020-07-03T05:27:32;Handmade Forward red;28111;48316;../fake-data/blob/lorem-ipsum.txt
6;West Virginia solution;drive THX Freeway;2020-07-03T17:42:27;2020-07-03T00:22:59;Specialist Plains Papua New Guinea;22731;35777;../fake-data/blob/lorem-ipsum.txt
7;Tuna Bedfordshire alliance;lime;2020-07-03T11:03:50;2020-07-03T02:06:03;connect optical;42773;57007;../fake-data/blob/lorem-ipsum.txt
8;Groves Accountability structure;Wall;2020-07-03T01:43:26;2020-07-03T01:57:48;Sports;52491;18584;../fake-data/blob/lorem-ipsum.txt
9;online;Minnesota Berkshire;2020-07-03T00:58:13;2020-07-03T15:42:38;static;10744;62438;../fake-data/blob/lorem-ipsum.txt
10;Pants conglomeration;B2C;2020-07-03T08:13:00;2020-07-03T08:24:26;invoice Baby;2496;80943;../fake-data/blob/lorem-ipsum.txt
